City_ID,City,Lat,Lng,Max Temp,Humidity,Cloudiness,Wind Speed,Country,Date
0,puerto yuca,2.9383,-73.2083,295.15,97,99,1.0,CO,1727502475
1,puerto natales,-51.7236,-72.4875,273.84,90,72,4.33,CL,1727502299
2,port elizabeth,-33.918,25.5701,287.77,97,20,3.13,ZA,1727502477
3,grytviken,-54.2811,-36.5092,274.39,93,100,5.84,GS,1727502479
4,port-aux-francais,-49.35,70.2167,275.26,70,42,13.06,TF,1727502480
5,tazovsky,67.4667,78.7,281.07,94,100,4.5,RU,1727502481
6,waitangi,-43.9535,-176.5597,280.27,82,82,3.13,NZ,1727502482
7,palu,-0.8917,119.8707,303.42,78,53,1.59,ID,1727502483
8,prince rupert,54.3161,-130.3201,282.98,87,83,6.17,CA,1727502484
9,tolanaro,-25.0319,46.9987,298.19,78,20,4.12,MG,1727502485
10,sparti,37.0733,22.4297,295.34,47,0,1.02,GR,1727502486
11,sinop,41.7711,34.8709,295.32,51,0,2.3,TR,1727502487
12,carutapera,-1.195,-46.02,298.25,85,61,3.66,BR,1727502490
13,susuman,62.7833,148.1667,280.36,56,76,1.86,RU,1727502491
14,edinburgh of the seven seas,-37.0676,-12.3116,282.96,67,84,5.42,SH,1727502492
15,alice springs,-23.7,133.8833,305.9,21,35,6.69,AU,1727502456
16,portland,45.5234,-122.6762,289.83,74,41,2.68,US,1727502229
17,aasiaat,68.7098,-52.8699,275.57,97,100,2.3,GL,1727502496
18,afaahiti,-17.75,-149.2833,297.74,85,33,6.97,PF,1727502497
19,bilibino,68.0546,166.4372,270.37,57,50,1.56,RU,1727502498
20,tyukhtet,56.5389,89.3011,277.08,76,100,2.2,RU,1727502499
21,yellowknife,62.456,-114.3525,278.46,91,20,2.57,CA,1727502500
22,kalifornsky,60.4183,-151.29,279.32,87,0,0.0,US,1727502501
23,axim,4.8699,-2.2405,297.77,89,97,2.99,GH,1727502242
24,minas de marcona,-15.2119,-75.1103,284.99,82,58,3.36,PE,1727502504
25,avarua,-21.2078,-159.775,295.18,78,40,2.57,CK,1727502505
26,georgetown,5.4112,100.3354,305.11,62,20,4.12,MY,1727502374
27,lompoc,34.6391,-120.4579,287.38,96,100,1.54,US,1727502507
28,adamstown,-25.066,-130.1015,293.78,89,86,3.3,PN,1727502508
29,ust-nera,64.5667,143.2,277.29,63,84,2.61,RU,1727502509
30,kralendijk,12.15,-68.2667,302.14,79,20,4.63,BQ,1727502510
31,albany,42.6001,-73.9662,289.06,78,100,1.36,US,1727502271
32,rock springs,41.5875,-109.2029,292.84,15,0,2.06,US,1727502251
33,san antonio de pale,-1.4014,5.6325,298.54,84,92,6.66,GQ,1727502513
34,nishinoomote,30.7333,131.0,300.46,89,75,3.6,JP,1727502514
35,port saint john's,-31.6229,29.5448,294.33,66,96,4.24,ZA,1727502515
36,aswan,24.0934,32.907,302.76,34,0,3.6,EG,1727502516
37,mujiayingzi,42.1167,118.7833,292.92,63,28,6.9,CN,1727502518
38,viedma,-40.8135,-62.9967,288.61,36,99,8.29,AR,1727502322
39,mount isa,-20.7333,139.5,306.02,8,0,2.57,AU,1727502520
40,cabo san lucas,22.8909,-109.9124,298.01,76,1,3.58,MX,1727502521
41,kingston,17.997,-76.7936,299.68,83,20,4.12,JM,1727502348
42,isafjordur,66.0755,-23.124,272.78,82,100,3.64,IS,1727502523
43,stanley,54.868,-1.6985,276.64,90,20,2.06,GB,1727502524
44,kodiak,57.79,-152.4072,281.88,71,0,3.6,US,1727502525
45,tiksi,71.6872,128.8694,272.66,88,52,3.88,RU,1727502526
46,ilulissat,69.2167,-51.1,276.16,100,100,0.0,GL,1727502527
47,vorgashor,67.5833,63.95,282.2,90,100,6.39,RU,1727502528
48,lago da pedra,-4.3333,-45.1667,296.04,92,25,2.36,BR,1727502529
49,blackmans bay,-43.0167,147.3167,292.33,48,73,0.71,AU,1727502530
50,vernal,40.4555,-109.5287,294.07,25,0,3.6,US,1727502531
51,griffith,41.5284,-87.4237,293.12,71,100,7.72,US,1727502533
52,ojinaga,29.5667,-104.4167,298.68,27,0,3.6,MX,1727502534
53,puerto ayora,-0.7393,-90.3518,293.46,95,100,1.34,EC,1727502535
54,veinticinco de mayo,-35.4323,-60.1727,285.36,79,15,1.34,AR,1727502536
55,chelghoum el aid,36.1629,6.1665,291.23,80,45,1.8,DZ,1727502537
56,port lincoln,-34.7333,135.8667,291.55,59,99,7.75,AU,1727502538
57,gadzhiyevo,69.2551,33.3362,280.34,97,100,10.33,RU,1727502539
58,mahmudabad,27.3,81.1167,296.59,96,100,6.08,IN,1727502540
59,lihue,21.9789,-159.3672,298.92,80,40,5.66,US,1727502541
60,nabire,-3.3667,135.4833,303.25,65,65,2.42,ID,1727502542
61,whitehorse,60.7161,-135.0538,278.58,70,75,4.63,CA,1727502543
62,gafsa,34.425,8.7842,295.27,78,1,8.23,TN,1727502545
63,flying fish cove,-10.4217,105.6791,300.97,78,100,5.66,CX,1727502546
64,xilin hot,43.9667,116.0333,295.45,55,75,6.59,CN,1727502547
65,thompson,55.7435,-97.8558,281.24,87,0,1.03,CA,1727502548
66,tindouf,27.6711,-8.1474,294.4,56,0,5.14,DZ,1727502549
67,pemangkat,1.1667,108.9667,301.78,74,66,6.21,ID,1727502551
68,vadso,70.0744,29.7487,279.24,87,100,8.75,NO,1727502552
69,nar'yan-mar,67.6713,53.087,284.73,94,100,8.12,RU,1727502553
70,college,64.8569,-147.8028,277.12,91,75,2.57,US,1727502554
71,cidreira,-30.1811,-50.2056,287.97,88,1,0.68,BR,1727502556
72,kroonstad,-27.6504,27.2349,293.5,22,89,3.72,ZA,1727502557
73,papao,-17.75,-149.55,299.97,84,30,7.86,PF,1727502558
74,machina,13.1364,10.0492,299.35,63,82,3.72,NG,1727502559
75,aktau,43.65,51.2,289.47,31,49,8.34,KZ,1727502400
76,sakaiminato,35.55,133.2333,300.14,74,75,8.75,JP,1727502561
77,jijona,38.5409,-0.5026,290.1,68,17,1.19,ES,1727502562
78,las vegas,36.175,-115.1372,304.35,12,0,2.06,US,1727502563
79,ha'il,27.5219,41.6907,302.16,24,0,2.06,SA,1727502564
80,namsos,64.4662,11.4957,274.1,100,100,1.54,NO,1727502565
81,torghay,49.6339,63.4981,292.58,30,0,2.21,KZ,1727502566
82,sidi akkacha,36.4647,1.3026,293.31,74,89,1.67,DZ,1727502567
83,tarawa,1.419,172.984,303.2,70,20,3.6,KI,1727502569
84,yanchep,-31.55,115.6833,289.5,48,65,5.03,AU,1727502570
85,fassberg,52.9,10.1667,282.16,93,40,3.6,DE,1727502571
86,umuarama,-23.7664,-53.325,288.93,60,0,2.28,BR,1727502455
87,flin flon,54.7682,-101.865,285.54,51,12,6.06,CA,1727502573
88,iskateley,67.6803,53.1512,284.74,94,100,8.1,RU,1727502574
89,victoria,22.2855,114.1577,306.46,70,10,1.34,HK,1727502362
90,khandyga,62.6667,135.6,277.91,72,100,1.71,RU,1727502576
91,hawaiian paradise park,19.5933,-154.9731,296.33,93,100,4.12,US,1727502577
92,arkhangel'sk,64.5401,40.5433,288.21,88,75,6.0,RU,1727502578
93,saipan,15.1355,145.701,304.54,74,75,2.06,MP,1727502579
94,dwarka,22.2394,68.9678,301.68,76,100,5.94,IN,1727502580
95,kalix,65.853,23.1565,277.71,79,86,5.32,SE,1727502582
96,oamaru,-45.0784,170.9801,282.53,76,30,4.31,NZ,1727502584
97,moroto,2.5345,34.6666,298.03,49,89,2.64,UG,1727502585
98,muscatine,41.4667,-91.1335,290.84,64,0,5.14,US,1727502586
99,huambo,-12.7761,15.7392,289.04,88,41,1.03,AO,1727502587
100,ribeira grande,38.5167,-28.7,296.91,95,98,7.15,PT,1727502588
101,udachny,66.4167,112.4,275.57,57,99,8.98,RU,1727502589
102,al ghayzah,16.2079,52.176,303.26,63,80,2.55,YE,1727502590
103,myszkow,50.5752,19.3246,284.17,94,58,4.12,PL,1727502591
104,bethel,41.3712,-73.414,291.24,89,75,0.0,US,1727502378
105,sumbawa besar,-8.5,117.4333,308.73,36,13,3.75,ID,1727502593
106,patamundai,20.5667,86.5667,304.58,67,97,4.26,IN,1727502594
107,maun,-19.9833,23.4167,296.13,31,0,3.09,BW,1727502595
108,rivne,50.6231,26.2274,294.07,56,47,5.32,UA,1727502597
109,nanping,26.645,118.1736,304.37,55,32,1.42,CN,1727502598
110,burang,30.25,81.1667,283.81,54,94,3.03,CN,1727502599
111,port mathurin,-19.6833,63.4167,295.55,78,39,8.97,MU,1727502600
112,isla mujeres,21.2311,-86.731,298.8,81,88,2.63,MX,1727502601
113,talnakh,69.4865,88.3972,274.17,99,100,5.14,RU,1727502602
114,broken hill,-31.95,141.4333,296.83,19,93,7.43,AU,1727502603
115,hermanus,-34.4187,19.2345,287.48,78,44,7.8,ZA,1727502604
116,black point,-34.6187,137.8972,290.22,63,100,11.07,AU,1727502605
117,aqsay,51.1678,52.995,291.36,24,0,3.26,KZ,1727502606
118,isabela,6.7085,121.9711,303.18,67,62,3.12,PH,1727502608
119,santa terezinha,-29.9002,-50.0904,288.0,89,2,1.05,BR,1727502609
120,lakhipur,26.0299,90.3041,299.6,85,100,2.47,IN,1727502610
121,parauapebas,-6.0675,-49.9022,298.9,66,63,0.9,BR,1727502611
122,carnarvon,-24.8667,113.6333,293.48,44,3,9.75,AU,1727502612
123,fortuna,40.5982,-124.1573,285.57,97,100,0.0,US,1727502613
124,sisimiut,66.9395,-53.6735,277.43,97,100,2.01,GL,1727502614
125,punta arenas,-53.15,-70.9167,274.21,80,75,8.75,CL,1727502508
126,san julian,21.0167,-102.1667,286.9,95,100,2.39,MX,1727502616
127,fort st. john,56.2499,-120.8529,281.09,57,40,7.72,CA,1727502617
128,lipayran,11.0593,123.6342,301.74,74,53,2.29,PH,1727502618
129,pisco,-13.7,-76.2167,289.18,88,75,2.57,PE,1727502420
130,guarapuava,-25.3953,-51.4581,282.88,85,0,1.65,BR,1727502565
131,xunchang,28.4543,104.715,303.8,58,90,1.8,CN,1727502621
132,lebu,-37.6167,-73.65,283.2,89,100,3.34,CL,1727502623
133,wainwright,52.839,-110.8572,283.46,50,25,2.87,CA,1727502625
134,saint-joseph,-21.3667,55.6167,298.36,66,2,2.56,RE,1727502626
135,ushuaia,-54.8,-68.3,271.96,93,100,6.69,AR,1727502627
136,longyearbyen,78.2186,15.6401,272.06,64,75,2.57,SJ,1727502628
137,olonkinbyen,70.9221,-8.7187,271.04,85,100,9.89,SJ,1727502630
138,east london,-33.0153,27.9116,290.67,77,0,2.06,ZA,1727502631
139,kapuskasing,49.4169,-82.4331,288.15,94,0,1.54,CA,1727502633
140,karlovo,42.6333,24.8,294.48,50,3,1.38,BG,1727502634
141,jurilovca,44.7667,28.8667,294.43,77,0,5.79,RO,1727502635
142,wailua homesteads,22.0669,-159.378,298.59,86,40,5.66,US,1727502636
143,alaghsas,17.0187,8.0168,302.09,39,0,2.06,NE,1727502637
144,st. john's,47.5649,-52.7093,284.7,87,100,2.57,CA,1727502606
145,novoishimskiy,53.1981,66.7694,289.54,40,17,4.17,KZ,1727502639
146,fairhope,30.523,-87.9033,297.57,77,0,1.54,US,1727502640
147,cestos city,5.46,-9.5828,297.46,91,100,2.08,LR,1727502641
148,mount pearl,47.5166,-52.7813,284.24,92,100,2.57,CA,1727502642
149,hithadhoo,-0.6,73.0833,301.67,75,71,4.99,MV,1727502643
150,santo antonio do ica,-3.1022,-67.9397,296.8,87,100,0.98,BR,1727502644
151,matoury,4.8483,-52.3317,298.13,94,40,0.0,GF,1727502646
152,dudinka,69.4058,86.1778,276.96,99,100,7.46,RU,1727502647
153,bredasdorp,-34.5322,20.0403,286.44,81,63,3.78,ZA,1727502648
154,mhangura,-16.8939,30.1683,299.98,23,5,3.5,ZW,1727502649
155,padang,-0.9492,100.3543,298.18,82,79,1.59,ID,1727502650
156,port-gentil,-0.7193,8.7815,298.24,86,93,5.35,GA,1727502651
157,mkushi,-13.6202,29.3939,300.03,27,15,4.31,ZM,1727502652
158,queenstown,-31.8976,26.8753,295.13,30,100,6.64,ZA,1727502653
159,port pirie,-33.1833,138.0167,295.1,34,100,8.69,AU,1727502654
160,vila do maio,15.1333,-23.2167,300.41,81,83,4.59,CV,1727502655
161,pitalito,1.8497,-76.0479,290.92,93,100,1.27,CO,1727502656
162,labrador city,52.9463,-66.9114,279.92,86,0,4.92,CA,1727502658
163,kailua-kona,19.6406,-155.9956,299.42,89,72,1.87,US,1727502659
164,petropavlovsk-kamchatsky,53.0452,158.6483,282.48,71,20,5.0,RU,1727502660
165,belmonte,-15.8631,-38.8828,295.59,84,58,3.4,BR,1727502661
166,anadyr,64.75,177.4833,276.43,69,75,3.0,RU,1727502662
167,halifax,44.6453,-63.5724,287.84,92,86,4.02,CA,1727502351
168,camacupa,-12.0167,17.4833,294.04,33,83,1.61,AO,1727502664
169,pariaman,-0.619,100.12,298.18,71,74,3.08,ID,1727502665
170,weno,7.4515,151.8468,304.12,84,75,1.54,FM,1727502666
171,holualoa,19.6228,-155.9522,297.35,87,76,1.18,US,1727502667
172,mairi,-11.7114,-40.1489,291.6,96,67,1.31,BR,1727502669
173,saldanha,-33.0117,17.9442,285.18,82,47,3.98,ZA,1727502670
174,extrema,-22.8547,-46.3183,286.76,96,100,2.25,BR,1727502439
175,praia da vitoria,38.7333,-27.0667,296.29,83,20,6.95,PT,1727502672
176,lib,8.3122,167.3766,301.64,75,47,2.59,MH,1727502673
177,leticia,-4.2153,-69.9406,296.18,100,20,1.03,CO,1727502674
178,guerrero negro,27.9769,-114.0611,291.89,89,4,7.57,MX,1727502675
179,ancud,-41.8697,-73.8203,282.86,90,100,7.38,CL,1727502676
180,vila velha,-20.3297,-40.2925,297.12,84,0,2.57,BR,1727502677
181,mbandaka,0.0487,18.2603,295.32,95,100,1.68,CD,1727502678
182,jamestown,42.097,-79.2353,291.49,88,75,3.6,US,1727502592
183,branson,36.6437,-93.2185,293.08,63,0,5.14,US,1727502680
184,hilo,19.7297,-155.09,296.45,98,100,4.12,US,1727502681
185,klerksdorp,-26.8521,26.6667,295.45,18,97,5.68,ZA,1727502683
186,yarmouth,41.7057,-70.2286,289.6,95,0,0.45,US,1727502684
187,harnai,30.1005,67.9374,305.36,24,0,1.68,PK,1727502685
188,constantia,44.1833,28.65,291.53,78,0,5.71,RO,1727502657
189,nogent-le-rotrou,48.3333,1.0,281.08,86,61,2.62,FR,1727502687
190,jijiga,9.35,42.8,295.03,63,70,3.55,ET,1727502688
191,bangassou,4.7413,22.8184,294.39,97,94,1.9,CF,1727502689
192,oranjestad,12.524,-70.027,302.12,80,20,3.09,AW,1727502690
193,jodhpur,26.2867,73.03,305.01,58,81,3.55,IN,1727502691
194,saint-pierre,-21.3393,55.4781,298.97,57,0,3.09,RE,1727502692
195,timmins,48.4669,-81.3331,284.05,93,0,1.54,CA,1727502432
196,mahdia,35.5047,11.0622,298.41,76,1,5.84,TN,1727502695
197,vanino,49.0869,140.2543,288.59,68,12,2.98,RU,1727502696
198,nuku'alofa,-21.1333,-175.2,298.34,83,20,3.09,TO,1727502697
199,yacimiento rio turbio,-51.5732,-72.3508,270.07,94,47,3.94,AR,1727502698
200,songkhla,6.8333,100.6667,303.68,70,46,0.82,TH,1727502699
201,saudarkrokur,65.7461,-19.6394,274.61,78,97,0.92,IS,1727502701
202,papatowai,-46.5619,169.4708,283.97,67,94,9.2,NZ,1727502702
203,hastings,50.8552,0.5729,278.81,81,0,4.79,GB,1727502703
204,novyy urgal,51.0736,132.5642,288.68,61,93,2.85,RU,1727502704
205,fortuna foothills,32.6578,-114.4119,306.2,18,0,0.45,US,1727502706
206,iqaluit,63.7506,-68.5145,277.0,93,75,1.54,CA,1727502707
207,kokstad,-30.5472,29.4241,292.8,29,65,2.21,ZA,1727502708
208,sompeta,18.9333,84.6,304.13,68,88,4.37,IN,1727502709
209,ceccano,41.5677,13.3333,294.73,95,87,0.97,IT,1727502710
210,hanzhong,33.0728,107.0303,300.22,45,93,2.91,CN,1727502711
211,newman,37.3138,-121.0208,294.29,53,0,1.34,US,1727502712
212,palembang,-2.9167,104.7458,305.2,58,75,3.6,ID,1727502713
213,pontianak,-0.0333,109.3333,306.14,58,75,3.6,ID,1727502714
214,crane,31.3974,-102.3501,297.46,38,0,3.46,US,1727502715
215,kalmunai,7.4167,81.8167,304.39,62,96,5.54,LK,1727502716
216,scone,56.4194,-3.4051,279.42,79,98,2.11,GB,1727502717
217,conceicao da barra,-18.5933,-39.7322,296.04,82,0,3.76,BR,1727502719
218,aljezur,37.3191,-8.8033,284.71,77,9,3.79,PT,1727502720
219,watsa,3.0372,29.5355,293.66,88,94,0.15,CD,1727502721
220,kodinsk,58.6881,99.1844,276.73,68,100,2.2,RU,1727502722
221,mil'kovo,55.6078,37.7956,287.94,72,100,6.43,RU,1727502723
222,kruisfontein,-34.0033,24.7314,289.6,72,100,4.73,ZA,1727502724
223,qaqortoq,60.7167,-46.0333,276.24,87,84,0.94,GL,1727502725
224,talalayivka,50.9578,31.9209,293.09,60,8,7.43,UA,1727502726
225,miyang,24.4042,103.4428,297.99,71,93,3.59,CN,1727502727
226,tetyushi,54.9382,48.8366,288.05,40,100,8.81,RU,1727502728
227,freeland,43.525,-84.1228,292.21,79,0,5.66,US,1727502729
228,adigrat,14.277,39.462,293.06,32,5,2.89,ET,1727502730
229,sussex,41.1834,-74.6663,291.62,86,100,3.09,US,1727502731
230,lexington,37.9887,-84.4777,293.05,89,100,1.79,US,1727502572
231,yabelo,4.8833,38.0833,292.45,60,79,3.95,ET,1727502734
232,tura,25.5198,90.2201,299.96,90,87,1.71,IN,1727502735
233,moose jaw,50.4001,-105.5344,282.29,57,0,1.54,CA,1727502736
234,sabang,5.8933,95.3214,300.25,77,100,4.34,ID,1727502737
235,uturoa,-16.7333,-151.4333,299.73,79,10,6.57,PF,1727502738
236,novouzensk,50.4592,48.1431,290.7,25,0,6.01,RU,1727502739
237,plastun,44.7561,136.2939,290.1,70,2,2.81,RU,1727502740
238,ilam,26.9167,87.9167,293.33,96,100,1.94,NP,1727502741
239,les anglais,18.3054,-74.2197,298.63,82,88,0.72,HT,1727502742
240,seminole,28.7086,-81.2081,299.35,79,0,2.57,US,1727502743
241,remire-montjoly,4.9167,-52.2667,298.17,94,40,0.0,GF,1727502744
242,yuzhno-kurilsk,44.0306,145.8556,289.14,95,100,5.67,RU,1727502745
243,taltal,-25.4,-70.4833,286.2,83,17,0.59,CL,1727502747
244,san luis,-33.295,-66.3356,288.1,36,57,3.3,AR,1727502748
245,xiangcheng chengguanzhen,33.847,113.4778,303.88,46,84,4.78,CN,1727502749
246,tocopilla,-22.092,-70.1979,288.67,77,15,1.03,CL,1727502750
247,tofol,5.3248,163.0078,302.61,69,75,3.98,FM,1727502751
248,banjarmasin,-3.3244,114.591,307.23,50,50,2.85,ID,1727502328
249,quellon,-43.1167,-73.6167,281.49,94,90,5.25,CL,1727502753
250,ghat,24.9647,10.1728,303.67,29,9,3.73,LY,1727502754
251,chudovo,59.1167,31.6833,287.12,81,82,4.87,RU,1727502755
252,gobabis,-22.45,18.9667,298.02,28,97,5.3,NA,1727502608
253,paramonga,-10.6667,-77.8333,289.67,89,66,2.81,PE,1727502757
254,margaret river,-33.95,115.0667,287.2,56,76,5.57,AU,1727502758
255,kharp,66.8014,65.8081,284.31,75,91,2.27,RU,1727502759
256,leini,45.1828,7.7142,285.21,74,0,0.51,IT,1727502760
257,vorkuta,67.5,64.0,282.5,89,100,6.13,RU,1727502762
258,grand-bassam,5.2118,-3.7388,298.13,91,100,2.31,CI,1727502763
259,malabar,-33.9667,151.25,291.22,69,92,6.03,AU,1727502764
260,yala,6.3333,101.25,303.75,71,36,1.22,TH,1727502765
261,rio grande,-32.035,-52.0986,286.83,89,3,1.71,BR,1727502767
262,kapa'a,22.0752,-159.319,299.33,83,40,5.66,US,1727502768
263,ibiruba,-28.6275,-53.0897,284.07,93,0,2.42,BR,1727502770
264,sitka,57.0531,-135.33,282.09,87,100,3.6,US,1727502771
265,khovd,48.0056,91.6419,278.0,41,95,4.68,MN,1727502772
266,badger,64.8,-147.5333,275.21,98,40,1.54,US,1727502773
267,champerico,14.3,-91.9167,298.53,87,100,3.67,GT,1727502775
268,iwanai,42.9744,140.5089,293.07,66,12,3.47,JP,1727502518
269,kill devil hills,36.0307,-75.676,298.16,94,40,4.63,US,1727502777
270,pacanga,-7.1667,-79.5,290.68,82,99,1.68,PE,1727502778
271,whangarei,-35.7317,174.3239,286.04,65,4,2.64,NZ,1727502746
272,chonchi,-42.6128,-73.8092,282.66,98,88,2.32,CL,1727502780
273,littlefield,33.9173,-102.3249,291.13,53,4,1.94,US,1727502781
274,walvis bay,-22.9575,14.5053,288.68,82,40,2.57,NA,1727502782
275,floro,61.5996,5.0328,276.13,93,75,3.6,NO,1727502783
276,kimbe,-5.5502,150.1429,300.83,86,69,1.74,PG,1727502785
277,polyarnyy,69.1989,33.4478,280.32,98,100,8.09,RU,1727502786
278,san patricio,28.017,-97.5169,295.12,70,0,2.02,US,1727502787
279,tabuk,17.4189,121.4443,301.11,82,98,1.63,PH,1727502788
280,dubbo,-32.25,148.6167,294.22,43,2,8.23,AU,1727502789
281,abu dhabi,24.4667,54.3667,306.45,73,20,2.06,AE,1727502608
282,richards bay,-28.783,32.0377,293.41,71,66,5.56,ZA,1727502777
283,camapua,-19.5314,-54.0439,294.84,50,0,2.0,BR,1727502794
284,dhidhdhoo,6.8833,73.1,301.58,77,27,6.25,MV,1727502796
285,namtsy,62.7161,129.6658,279.87,64,22,4.69,RU,1727502797
286,el calafate,-50.3408,-72.2768,274.94,67,3,4.56,AR,1727502799
287,morehead city,34.7229,-76.726,298.72,92,100,1.79,US,1727502725
288,west island,-12.1568,96.8225,301.14,65,20,5.14,CC,1727502801
289,medina,24.4686,39.6142,308.39,8,0,3.09,SA,1727502802
290,ola,59.5833,151.2833,281.37,82,32,3.81,RU,1727502803
291,kenai,60.5544,-151.2583,279.18,81,0,0.0,US,1727502804
292,invercargill,-46.4,168.35,283.72,82,97,9.83,NZ,1727502805
293,ploudalmezeau,48.5333,-4.65,278.36,93,75,1.54,FR,1727502806
294,novodvinsk,64.4165,40.8122,288.01,71,91,7.42,RU,1727502808
295,la passe,45.5549,-0.8967,284.25,85,42,3.75,FR,1727502809
296,porto novo,6.4965,2.6036,297.17,93,88,1.75,BJ,1727502810
297,cova figueira,14.8905,-24.2934,294.21,84,92,2.46,CV,1727502811
298,plesetsk,62.708,40.2916,286.71,80,94,6.66,RU,1727502812
299,santa ana,33.7456,-117.8678,290.81,90,20,2.06,US,1727502813
300,huangmei,30.1924,116.025,304.82,50,1,3.89,CN,1727502814
301,fale old settlement,-9.3852,-171.2468,301.32,76,14,5.39,TK,1727502815
302,atafu village,-8.5421,-172.5159,301.42,77,88,5.27,TK,1727502817
303,aldan,58.6031,125.3894,275.79,75,100,3.53,RU,1727502818
304,tsiombe,-25.3,45.4833,297.6,60,91,3.43,MG,1727502819
305,bubaque,11.2833,-15.8333,299.46,85,97,4.66,GW,1727502820
306,kazerun,29.6195,51.6541,304.15,18,0,3.47,IR,1727502822
307,susangerd,31.5608,48.1831,306.94,17,0,3.22,IR,1727502823
308,coquimbo,-29.9533,-71.3436,284.0,100,100,2.57,CL,1727502824
309,anna regina,7.2644,-58.5077,300.7,78,100,3.37,GY,1727502825
310,helena valley southeast,46.6153,-111.9216,286.8,57,7,1.79,US,1727502826
311,hamilton,39.1834,-84.5333,293.71,85,84,1.34,US,1727502732
312,bechar,31.6167,-2.2167,294.33,60,0,3.09,DZ,1727502828
313,al majaridah,19.1236,41.9111,309.64,20,89,0.41,SA,1727502830
314,lorengau,-2.0226,147.2712,303.18,65,47,3.03,PG,1727502831
315,obihiro,42.9172,143.2044,295.82,73,69,4.67,JP,1727502832
316,kristinehamn,59.3098,14.1081,278.47,89,51,2.26,SE,1727502833
317,san felipe,10.3399,-68.7425,295.08,98,100,0.4,VE,1727502834
318,slave lake,55.2834,-114.769,283.14,53,20,5.66,CA,1727502835
319,bouna,9.2667,-3.0,293.79,98,71,2.04,CI,1727502836
320,mendi,-6.1761,143.6513,291.17,93,75,1.59,PG,1727502838
321,jalal-abad,40.9333,73.0,293.93,34,94,2.51,KG,1727502839
322,sarupathar,26.1984,93.8094,302.48,78,87,0.44,IN,1727502840
323,monroeville,40.4212,-79.7881,295.91,79,98,0.89,US,1727502770
324,hammerfest,70.6634,23.6821,275.4,93,63,1.54,NO,1727502843
325,macae,-22.3708,-41.7869,297.01,83,100,4.63,BR,1727502844
326,new norfolk,-42.7826,147.0587,292.99,28,65,1.35,AU,1727502845
327,hagere maryam,5.6333,38.2333,291.5,82,98,2.72,ET,1727502846
328,puerto baquerizo moreno,-0.9,-89.6,293.03,91,100,4.49,EC,1727502847
329,vilyuchinsk,52.9306,158.4028,283.3,65,9,1.04,RU,1727502848
330,luuq,3.7938,42.5445,301.71,55,50,7.09,SO,1727502849
331,al kharijah,25.4514,30.5464,301.09,29,0,5.19,EG,1727502850
332,karratha,-20.7377,116.8463,301.55,36,4,5.93,AU,1727502851
333,ostersund,63.1792,14.6357,276.4,89,100,2.06,SE,1727502852
334,taoudenni,22.6783,-3.9836,305.42,29,39,3.43,ML,1727502853
335,brisas de zicatela,15.8369,-97.0419,297.38,94,100,5.34,MX,1727502854
336,lobujya,27.95,86.8167,275.63,99,100,3.89,NP,1727502855
337,la palma,33.8464,-118.0467,290.25,90,0,2.57,US,1727502857
338,tsagan aman,47.5639,46.7218,291.04,36,0,8.26,RU,1727502858
339,khash,28.2211,61.2158,300.02,21,0,1.75,IR,1727502859
340,kuusamo,65.9667,29.1833,278.17,93,100,5.14,FI,1727502860
341,rongelap,11.1635,166.8941,301.9,77,65,6.26,MH,1727502861
342,tamanrasset,22.785,5.5228,297.1,31,40,2.57,DZ,1727502862
343,tchibanga,-2.85,11.0333,295.53,92,100,1.12,GA,1727502863
344,bogande,12.9714,-0.1436,299.21,80,55,4.16,BF,1727502864
345,vila franca do campo,37.7167,-25.4333,295.38,90,43,5.44,PT,1727502865
346,bopolu,7.0667,-10.4875,295.48,99,100,0.4,LR,1727502866
347,puerto el triunfo,13.2833,-88.55,297.46,93,100,2.39,SV,1727502867
348,utrik,11.2278,169.8474,301.61,79,58,5.62,MH,1727502868
349,jaru,-10.4389,-62.4664,298.32,73,78,1.14,BR,1727502869
350,alofi,-19.0595,-169.9187,297.09,78,40,5.14,NU,1727502871
351,camaqua,-30.8511,-51.8122,285.38,98,0,0.96,BR,1727502872
352,coyhaique,-45.5752,-72.0662,276.23,100,96,2.24,CL,1727502832
353,an nuhud,12.7,28.4333,303.18,49,42,3.94,SD,1727502874
354,trairi,-3.2778,-39.2689,297.93,83,44,5.14,BR,1727502875
355,codajas,-3.8367,-62.0569,295.21,99,100,1.12,BR,1727502876
356,ndikinimeki,4.7667,10.8333,292.22,99,100,0.53,CM,1727502877
357,oppdal,62.5943,9.6912,271.36,93,93,2.4,NO,1727502878
358,grand falls-windsor,48.9332,-55.6649,282.32,92,100,0.58,CA,1727502879
359,chernyshevskiy,63.0128,112.4714,277.03,70,68,5.01,RU,1727502880
360,thika,-1.0333,37.0693,292.46,74,90,1.34,KE,1727502881
361,malvan,16.0667,73.4667,301.65,79,100,4.38,IN,1727502883
362,kittila,67.6647,24.8936,276.82,93,100,5.66,FI,1727502703
363,makaha,21.4694,-158.2175,300.1,88,75,1.54,US,1727502885
364,gorele,41.0308,39.0031,295.2,49,0,0.85,TR,1727502886
365,neiafu,-18.65,-173.9833,298.53,78,40,5.14,TO,1727502887
366,pacific grove,36.6177,-121.9166,292.21,87,0,0.45,US,1727502888
367,gereida,11.2811,25.1414,301.75,58,38,4.47,SD,1727502889
368,caiaponia,-16.9567,-51.8103,295.41,60,53,2.49,BR,1727502890
369,kristiansund,63.1115,7.732,277.51,81,100,4.63,NO,1727502891
370,mascoutah,38.4903,-89.7932,292.68,79,100,7.72,US,1727502892
371,sanctuary point,-35.1114,150.629,290.16,61,56,4.8,AU,1727502893
372,beni,0.5,29.4667,293.67,86,100,0.5,CD,1727502894
373,maksatikha,57.797,35.8825,289.28,87,100,4.17,RU,1727502896
374,quatre cocos,-20.2078,57.7625,298.76,70,22,4.51,MU,1727502897
375,malvik,63.4333,10.6833,275.92,81,20,2.06,NO,1727502898
376,decorah,43.3033,-91.7857,289.66,100,0,0.0,US,1727502899
377,palmer,42.1584,-72.3287,290.28,90,20,1.54,US,1727502900
378,naples,40.8333,14.25,296.9,81,20,1.79,IT,1727502901
379,vernon,50.2581,-119.2691,284.68,61,66,1.79,CA,1727502902
380,rojhan,28.6868,69.9534,313.42,23,3,0.95,PK,1727502903
381,hesperia,34.4264,-117.3009,296.27,24,0,2.24,US,1727502662
382,san martin,-33.081,-68.4681,288.3,40,100,4.09,AR,1727502905
383,dawesville,30.9224,-84.0091,294.46,83,0,1.79,US,1727502907
384,antsiranana,-12.2787,49.2917,300.57,47,20,5.14,MG,1727502908
385,askiz,53.1319,90.5264,280.63,44,53,0.62,RU,1727502909
386,retreat,38.8245,-85.8533,291.47,100,100,8.26,US,1727502910
387,kolyvan',55.3053,82.7391,279.77,59,31,3.18,RU,1727502911
388,san ignacio,17.1561,-89.0714,298.23,94,75,0.0,BZ,1727502912
389,imbituba,-28.24,-48.6703,286.75,91,10,2.91,BR,1727502913
390,bayanhongor,46.7167,100.1167,278.65,46,99,1.85,MN,1727502914
391,itaituba,-4.2761,-55.9836,297.98,76,3,1.0,BR,1727502915
392,suva,-18.1416,178.4415,297.86,73,40,5.66,FJ,1727502916
393,ljusdal,61.8288,16.0913,274.52,82,1,1.36,SE,1727502918
394,taseyevo,57.2169,94.8978,279.35,52,37,2.45,RU,1727502919
395,grove,51.6095,-1.4219,278.17,93,0,1.54,GB,1727502920
396,soio,-6.1349,12.3689,297.71,84,68,3.17,AO,1727502921
397,daru,-9.0763,143.2092,300.62,77,40,5.81,PG,1727502922
398,jinka,5.65,36.65,295.93,64,92,0.89,ET,1727502923
399,takhatpur,22.15,81.8667,302.66,74,97,4.92,IN,1727502924
400,port alfred,-33.5906,26.891,292.98,64,100,3.3,ZA,1727502925
401,kiunga,-6.1219,141.2906,305.0,61,75,1.71,PG,1727502926
402,kidal,18.4411,1.4078,305.82,22,57,3.78,ML,1727502927
403,tibiri,13.5627,7.0485,297.34,78,0,2.06,NE,1727502928
404,howrah,22.5892,88.3103,305.15,74,75,4.63,IN,1727502930
405,piacabucu,-10.4056,-36.4344,296.0,88,44,3.29,BR,1727502931
406,clarence-rockland,45.5501,-75.291,284.81,90,14,2.03,CA,1727502932
407,bang saphan,11.2126,99.5117,305.52,56,62,3.38,TH,1727502933
408,freetown,8.484,-13.2299,297.56,88,100,2.47,SL,1727502934
409,san pedro pochutla,15.7333,-96.4667,296.32,94,100,1.84,MX,1727502935
410,porto murtinho,-21.6989,-57.8825,291.91,51,14,1.58,BR,1727502936
411,ailuk,10.2197,169.9797,302.29,75,25,4.17,MH,1727502937
412,gusinoozyorsk,51.2833,106.5,282.31,50,100,5.74,RU,1727502938
413,khasab,26.1799,56.2477,305.75,53,0,2.01,OM,1727502939
414,berdigestyakh,62.0989,126.6992,275.94,90,70,3.42,RU,1727502941
415,fort bragg,35.139,-79.006,295.06,91,0,0.45,US,1727502942
416,kununurra,-15.7667,128.7333,306.14,49,75,9.26,AU,1727502943
417,yeppoon,-23.1333,150.7333,296.98,57,5,4.22,AU,1727502944
418,warrnambool,-38.3833,142.4833,293.16,46,72,8.03,AU,1727502945
419,natagaima,3.6206,-75.0941,298.8,66,100,1.28,CO,1727502946
420,ouani,-12.1322,44.4258,298.63,71,27,1.53,KM,1727502947
421,inirida,3.8653,-67.9239,295.81,98,26,0.64,CO,1727502948
422,quincy,42.2529,-71.0023,289.58,94,40,0.45,US,1727502949
423,tanjung selor,2.8372,117.3642,304.42,62,44,2.03,ID,1727502950
424,nanao,37.05,136.9667,297.54,71,96,5.39,JP,1727502951
425,taroudant,30.4703,-8.877,292.16,87,4,0.67,MA,1727502952
426,sangueya,10.7,-14.3667,296.69,98,100,1.32,GN,1727502953
427,talara,-4.5772,-81.2719,290.97,85,96,6.45,PE,1727502954
428,vermillion,42.7794,-96.9292,290.88,48,0,2.28,US,1727502957
429,zemio,5.0314,25.1361,294.82,96,99,2.39,CF,1727502958
430,buarcos,40.166,-8.8768,285.71,77,69,3.86,PT,1727502959
431,northam,51.0333,-4.2167,284.05,78,53,4.58,GB,1727502960
432,laguna,38.421,-121.4238,295.4,62,0,0.45,US,1727502961
433,anshun,26.25,105.9333,297.6,68,95,6.5,CN,1727502962
434,tazacorte,28.629,-17.9293,294.9,78,0,4.12,ES,1727502963
435,rechka-vydrino,51.485,104.8461,278.5,83,100,3.3,RU,1727502964
436,keflavik,64.0049,-22.5624,278.39,87,100,2.06,IS,1727502965
437,trinidad,-14.8333,-64.9,295.48,52,2,1.23,BO,1727502966
438,sagalo,12.2007,-10.6996,294.07,95,99,1.73,ML,1727502967
439,kokopo,-4.352,152.2633,299.2,83,99,3.21,PG,1727502969
440,kapit,2.0167,112.9333,308.61,43,62,1.38,MY,1727502970
441,margate,51.3813,1.3862,281.31,80,6,5.88,GB,1727502971
442,sinabang,2.4803,96.3801,298.88,88,100,2.29,ID,1727502972
443,wanning,18.8003,110.3967,303.82,68,45,4.18,CN,1727502973
444,nouadhibou,20.931,-17.0347,298.14,65,95,7.72,MR,1727502975
445,rabo de peixe,37.8,-25.5833,294.88,94,75,4.63,PT,1727502976
446,naze,28.3667,129.4833,299.66,87,100,4.32,JP,1727502977
447,terrace,54.5163,-128.6035,282.1,100,75,3.09,CA,1727502770
448,nantucket,41.2835,-70.0995,290.21,94,100,2.22,US,1727502915
449,gubkinskiy,64.434,76.5026,284.5,78,90,7.36,RU,1727502980
450,fisterra,42.9049,-9.2629,287.05,77,46,4.33,ES,1727502981
451,santa elena de uairen,4.6167,-61.1333,292.5,84,95,1.58,VE,1727502983
452,akureyri,65.6835,-18.0878,272.11,80,0,0.51,IS,1727502984
453,paita,-5.0892,-81.1144,290.13,87,98,4.78,PE,1727502985
454,las lomitas,-24.7096,-60.593,287.66,54,0,2.02,AR,1727502986
455,tual,-5.6667,132.75,300.63,78,48,5.2,ID,1727502987
456,antofagasta,-23.65,-70.4,287.75,85,37,1.13,CL,1727502988
457,mount gambier,-37.8333,140.7667,293.98,37,99,5.39,AU,1727502989
458,pupiales,0.8714,-77.6403,280.75,95,96,1.26,CO,1727502990
459,taganrog,47.2362,38.8969,290.42,61,4,7.1,RU,1727502991
460,galle,6.0367,80.217,303.11,81,100,0.89,LK,1727502992
461,ulladulla,-35.35,150.4667,290.04,62,59,5.18,AU,1727502993
462,nova sintra,14.8667,-24.7167,298.09,90,98,2.65,CV,1727502994
463,pokhara,28.2333,83.9833,292.39,98,100,0.91,NP,1727502996
464,inyati,-19.6756,28.8469,298.75,27,16,4.71,ZW,1727502997
465,abra pampa,-22.7205,-65.697,280.37,65,0,2.56,AR,1727502998
466,north platte,41.1239,-100.7654,288.92,83,0,0.0,US,1727502731
467,seven pagodas,12.6264,80.1722,304.46,61,38,3.22,IN,1727503000
468,al wafrah,28.6392,47.9306,307.55,12,0,6.99,KW,1727503001
469,chibougamau,49.9168,-74.3659,284.94,94,75,1.54,CA,1727503002
470,mangai,-4.05,19.5333,296.47,91,100,1.25,CD,1727503003
471,tralee,52.2704,-9.7026,281.25,85,66,1.91,IE,1727503004
472,kirakira,-10.4544,161.9205,300.91,80,65,5.0,SB,1727503005
473,nhamunda,-2.1861,-56.7131,298.59,65,5,0.93,BR,1727503006
474,kashmar,35.2383,58.4656,292.82,23,97,5.69,IR,1727503007
475,lazaro cardenas,17.9583,-102.2,298.27,91,98,4.41,MX,1727503008
476,collie,-33.3667,116.15,287.49,49,66,4.1,AU,1727503010
477,ust'-ilimsk,58.0006,102.6619,278.98,49,39,2.56,RU,1727502749
478,taroa,8.7058,171.2275,302.01,75,80,4.04,MH,1727503012
479,bikin,46.8161,134.26,292.77,51,1,0.75,RU,1727503013
480,banfora,10.6333,-4.7667,295.13,98,100,1.37,BF,1727503014
481,fernie,49.5,-115.0687,282.52,72,0,0.98,CA,1727503015
482,whistler,50.1164,-122.9695,278.63,91,25,1.01,CA,1727502988
483,etrechy,48.4947,2.1949,281.15,90,32,2.98,FR,1727503017
484,eyl,7.9803,49.8164,302.65,57,97,10.15,SO,1727503018
485,itacare,-14.2775,-38.9967,296.07,82,49,2.45,BR,1727503019
486,nogliki,51.8333,143.1667,286.64,68,62,3.1,RU,1727503021
487,zouerate,22.7187,-12.4521,300.06,41,43,4.09,MR,1727503022
488,geraldton,-28.7667,114.6,292.38,52,52,6.17,AU,1727503023
489,lerwick,60.1545,-1.1494,280.1,73,87,8.69,GB,1727503024
490,arkadelphia,34.1209,-93.0538,292.07,82,40,0.0,US,1727503025
491,okhotsk,59.3833,143.3,282.44,90,100,4.51,RU,1727503026
492,shalqar,47.8333,59.6,290.66,18,0,4.02,KZ,1727503028
493,ringkobing,56.0901,8.244,282.14,66,20,10.8,DK,1727503029
494,puerto carreno,6.189,-67.4859,297.66,94,60,1.5,CO,1727503030
495,birjand,32.8663,59.2211,292.41,27,0,5.14,IR,1727503031
496,swan hill,-35.3378,143.5544,296.84,20,36,7.4,AU,1727503032
497,la sarre,48.8002,-79.1996,284.33,93,0,2.49,CA,1727503033
498,olyokminsk,60.3736,120.4264,278.87,63,99,4.74,RU,1727503034
499,rawlins,41.7911,-107.2387,285.09,26,0,3.6,US,1727503035
500,sandnessjoen,66.0217,12.6316,281.6,57,78,10.07,NO,1727503036
501,ningyang,35.7642,116.7914,302.04,40,28,4.96,CN,1727503037
502,pont-sainte-marie,48.3185,4.0945,282.18,93,0,3.09,FR,1727503038
503,yaren,-0.5472,166.916,301.69,63,73,0.94,NR,1727503039
504,tateyama,34.9833,139.8667,297.79,79,100,3.84,JP,1727503040
505,embrun,44.5639,6.4953,277.36,87,47,1.81,FR,1727503042
506,mamuju,-2.6748,118.8885,302.09,75,31,2.64,ID,1727503043
507,tagiura,32.8817,13.3506,301.0,46,0,2.69,LY,1727503044
508,klyuchi,52.2667,79.1667,282.69,36,4,0.93,RU,1727503045
509,lata,40.1629,-8.3327,280.49,81,65,1.81,PT,1727503046
510,valle de la pascua,9.2155,-66.0073,296.03,95,99,1.02,VE,1727503047
511,jardin america,-27.0435,-55.227,285.7,98,0,0.69,AR,1727503048
512,guozhen,34.3659,107.359,305.04,36,50,4.34,CN,1727503049
513,knyaze-volkonskoye,48.4642,135.4567,293.34,52,28,1.89,RU,1727503050
514,mili,6.0815,171.735,302.48,68,100,5.26,MH,1727503051
515,saint john,45.2727,-66.0677,286.72,94,100,5.66,CA,1727503052
516,colonia,50.9333,6.95,283.68,88,20,2.06,DE,1727502948
517,hadibu,12.65,54.0333,300.07,77,81,7.07,YE,1727503054
518,tirat karmel,32.7617,34.9719,301.27,73,20,0.51,IL,1727503056
519,esmeraldas,-19.7625,-44.3139,293.78,50,24,1.69,BR,1727503057
520,xining,36.6167,101.7667,295.82,58,87,3.52,CN,1727503058
521,yanbu,24.0891,38.0637,303.17,58,0,2.57,SA,1727503059
522,baklan,37.9769,29.6086,296.1,33,0,1.41,TR,1727503060
523,mawu,34.4307,104.9176,288.8,89,100,4.3,CN,1727503061
524,coahuayana de hidalgo,18.7,-103.6583,296.45,94,100,1.33,MX,1727503062
525,mogok,22.9167,96.5,294.58,95,92,1.37,MM,1727503064
526,peace river,56.2501,-117.286,283.32,66,100,7.72,CA,1727503021
527,la ronge,55.1001,-105.2842,281.27,81,20,1.03,CA,1727503068
528,christchurch,-43.5333,172.6333,284.77,67,5,6.17,NZ,1727503070
529,smithers,54.7804,-127.1743,279.33,93,40,2.57,CA,1727503071
530,mar del plata,-38.0023,-57.5575,285.11,90,99,6.26,AR,1727502453
531,nemuro,43.3236,145.575,289.74,89,54,7.67,JP,1727503074
532,patterson,37.4716,-121.1297,295.12,53,0,1.67,US,1727503075
533,malpica,43.3228,-8.8105,285.58,89,73,1.83,ES,1727503076
534,nuuk,64.1835,-51.7216,278.08,93,100,15.2,GL,1727503077
535,apac,1.9756,32.5386,297.85,67,99,1.46,UG,1727503078
536,isangel,-19.55,169.2667,297.69,74,78,3.76,VU,1727503079
537,lesozavodsk,45.4794,133.4244,292.52,57,0,0.54,RU,1727503081
538,alvaraes,-3.2208,-64.8042,295.67,100,87,1.29,BR,1727503082
539,abalak,58.1286,68.5944,286.38,59,71,3.53,RU,1727503083
540,kayangel,8.0823,134.7173,302.38,73,5,3.58,PW,1727503085
541,semey,50.4111,80.2275,283.27,32,0,2.0,KZ,1727503086
542,al jawf,29.5,38.75,300.83,26,0,2.96,SA,1727503087
543,sodra sandby,56.5667,16.6167,283.09,88,99,4.08,SE,1727503088
544,mugia,43.1041,-9.2179,286.53,80,53,3.12,ES,1727503089
545,zavodoukovsk,56.5042,66.5515,287.82,47,81,4.36,RU,1727503090
546,luba,3.4568,8.5547,297.35,91,100,0.62,GQ,1727503091
547,korla,41.7597,86.1469,284.89,35,100,2.57,CN,1727503092
548,mikun',62.3547,50.0771,285.61,79,100,6.47,RU,1727503094
549,villa gesell,-37.2639,-56.973,284.39,89,97,6.9,AR,1727503095
550,erenhot,43.6475,111.9767,296.86,53,76,6.63,CN,1727503096
551,baracoa,20.3467,-74.4958,301.26,83,71,4.08,CU,1727503097
552,broome,42.2506,-75.833,290.72,91,100,3.6,US,1727503098
553,ugoofaaru,5.6667,73.0,301.43,79,30,6.51,MV,1727503099
554,hecelchakan,20.1667,-90.1333,296.44,99,86,0.93,MX,1727503100
555,luau,-10.7073,22.2247,299.31,23,4,0.86,AO,1727503101
556,xapuri,-10.6517,-68.5044,292.3,94,40,1.11,BR,1727503102
557,puerto lempira,15.2667,-83.7667,298.09,92,22,3.11,HN,1727503104
558,bykovo,55.6361,38.0803,287.35,100,75,3.0,RU,1727503105
559,hwange,-18.3693,26.5019,301.74,23,12,3.08,ZW,1727503106
560,kattivakkam,13.2167,80.3167,307.12,75,44,3.21,IN,1727503108
561,putian,25.4394,119.0103,300.63,66,35,3.87,CN,1727503109
562,reggane,26.7158,0.1714,304.31,23,3,4.71,DZ,1727503110
563,usogorsk,63.4106,48.6872,286.13,86,100,7.02,RU,1727503111
564,huacho,-11.1067,-77.605,289.64,89,69,2.71,PE,1727503112
565,arraial do cabo,-22.9661,-42.0278,294.65,89,92,10.27,BR,1727503113
566,marka,1.7159,44.7717,300.42,73,54,6.87,SO,1727503114
567,dorado,18.4588,-66.2677,300.32,99,17,3.07,PR,1727503116
568,prado,-17.3411,-39.2208,295.86,85,5,5.56,BR,1727503117
569,tughyl,47.7252,84.2063,281.17,42,68,6.79,KZ,1727503118
570,port douglas,-16.4833,145.4667,298.77,71,0,2.67,AU,1727503119
571,saint joseph,39.7686,-94.8466,289.4,87,0,3.13,US,1727502919
572,mbengwi,6.0167,10.0,291.06,98,100,0.47,CM,1727503121
573,hovd,48.0056,91.6419,278.0,41,95,4.68,MN,1727503122
574,vilhena,-12.7406,-60.1458,295.34,60,10,1.35,BR,1727503123
575,jiayuguan,39.8167,98.3,285.59,30,96,6.27,CN,1727503124
576,westmere,42.6912,-73.8687,289.2,88,100,1.75,US,1727503125
577,saint-chamond,45.4737,4.5254,285.75,87,75,3.09,FR,1727503126
578,alpine,32.835,-116.7664,289.97,75,0,3.09,US,1727503127
579,springs,-26.25,28.4,292.41,59,84,4.95,ZA,1727503128
580,malango,-2.9627,119.9001,302.01,53,41,2.84,ID,1727503130
581,majene,-3.5403,118.9707,303.58,61,41,2.58,ID,1727503131
582,batangafo,7.3008,18.2833,295.73,96,100,2.03,CF,1727503132
583,pangody,65.85,74.4859,284.63,78,61,5.68,RU,1727503133
584,lindale,32.5157,-95.4094,294.34,60,0,2.57,US,1727503134
585,ventspils,57.3894,21.5606,284.11,100,40,2.57,LV,1727503135
586,las heras,-46.5419,-68.9359,280.09,63,67,9.48,AR,1727502885
587,point pedro,9.8167,80.2333,303.84,65,88,2.61,LK,1727503138
588,caleta de carquin,-11.0925,-77.6267,289.64,90,69,2.83,PE,1727503139
589,ust-tsilma,65.441,52.1498,285.49,88,100,6.66,RU,1727503140
590,hobyo,5.3505,48.5268,300.33,73,92,9.87,SO,1727503142
591,chifeng,42.2683,118.9636,295.81,57,19,7.66,CN,1727502855
592,fiambala,-27.6871,-67.6149,288.92,24,0,3.55,AR,1727503144
593,an nimas,19.1455,42.1201,295.92,16,81,2.61,SA,1727503145
594,leninskoye,41.7589,69.3864,293.26,18,0,3.26,KZ,1727503146
595,yreka,41.7354,-122.6345,289.25,41,0,0.0,US,1727503147
